<?xml version="1.0" encoding="UTF-8"?><rss version="2.0"
	xmlns:content="http://purl.org/rss/1.0/modules/content/"
	xmlns:wfw="http://wellformedweb.org/CommentAPI/"
	xmlns:dc="http://purl.org/dc/elements/1.1/"
	xmlns:atom="http://www.w3.org/2005/Atom"
	xmlns:sy="http://purl.org/rss/1.0/modules/syndication/"
	xmlns:slash="http://purl.org/rss/1.0/modules/slash/"
	>

<channel>
	<title>سيما سيتى</title>
	<atom:link href="./index.html" rel="self" type="application/rss+xml" />
	<link>./../index.html</link>
	<description>لمشاهدة احدث الافلام والمسلسلات</description>
	<lastBuildDate>Tue, 30 Mar 2021 14:19:13 +0000</lastBuildDate>
	<language>en-US</language>
	<sy:updatePeriod>
	hourly	</sy:updatePeriod>
	<sy:updateFrequency>
	1	</sy:updateFrequency>
	<generator>https://wordpress.org/?v=5.7</generator>
	<item>
		<title>Hello world!</title>
		<link>./../1/index.html</link>
					<comments>./../1/index.html#comments</comments>
		
		<dc:creator><![CDATA[admin]]></dc:creator>
		<pubDate>Fri, 26 Mar 2021 15:34:19 +0000</pubDate>
				<category><![CDATA[Uncategorized]]></category>
		<guid isPermaLink="false">./../index.html?p=1</guid>

					<description><![CDATA[]]></description>
										<content:encoded><![CDATA[<div style="width:100%;height:400px;margin:auto;text-align:center;"> 

<div class="wrap">

  <ul class="tabs group">
    <li><a  href="#/one"><i class="material-icons">cloud_download</i>تحميل</a></li>
    <li><a href="#/two"><i class="material-icons">play_arrow</i>مشاهدة</a></li>
    <li><a href="#/three"><i class="material-icons">movie</i>الإعلان</a></li>
   <li><a class="active" href="#/four"><i class="material-icons">apps</i>معلومات</a></li>
	</ul>
  <div id="panels">
    <p id="one"><button class="button button2">تحميل</button></p>
    <p id="two">Donec tincidunt tortor ut magna mollis sagittis. Mauris eu nibh non purus gravida hendrerit. Donec enim nisi, pretium eu libero sit amet, bibendum sagittis velit. Pellentesque non dapibus leo. Suspendisse ante tellus, volutpat ac leo eget, venenatis rhoncus sem.</p>
    <p id="three"> <iframe src="https://www.imdb.com/videoembed/vi907189785/" allowfullscreen="" scrolling="no" width="320px" height="220px"></iframe> </p>
		<p id="four"> Aenean dapibus eleifend venenatis. Integer et suscipit dui. Nam tellus diam, mattis in ultrices et, feugiat ac libero. Suspendisse potenti. Pellentesque habitant morbi tristique senectus et netus et malesuada fames ac turpis egestas. </p>
  </div>
</div>
	
	
 </div>
]]></content:encoded>
					
					<wfw:commentRss>./../1/feed/index.html</wfw:commentRss>
			<slash:comments>1</slash:comments>
		
		
			</item>
	</channel>
</rss>
